Setting,Evaluation,val_mAP,val_top1,val_top5
ViT_B_16Baseline,embedding_training,0.98499995470047,0.9399999380111694,1.0
ViT_B_16Baseline,knn_eval,0.9074908494949341,0.9299999475479126,1.0
ViT_B_16Baseline,linear_eval,0.9739999771118164,0.9299999475479126,1.0
MegaDescriptorL384Baseline,knn_eval,0.6439034938812256,0.6963332891464233,0.9599999785423279
MegaDescriptorL384Baseline,linear_eval,0.932523787021637,0.875333309173584,0.9866666793823242
AIMBaseline,embedding_training,0.12269093841314316,0.04833333194255829,0.125
AIMBaseline,knn_eval,0.030642632395029068,0.06199999898672104,0.2916666567325592
AIMBaseline,linear_eval,0.30472633242607117,0.21433332562446594,0.5
